{
  "state": "ok",
  "version": "V11",
  "model_name": "VotingV11 EarlyRF + MidRFStrong",
  "trained_at": "2026-07-20 18:42:21",
  "holdout_battles": [
    "970998288_4_1783244960",
    "970998288_5_1783247198",
    "970998288_6_1783249163",
    "970998288_7_1783250863",
    "501236240_10_1783254441",
    "501236240_11_1783256096",
    "501236240_8_1784297598",
    "501236240_12_1784462563"
  ],
  "holdout_real": {
    "all": {
      "n": 118,
      "auc": 0.9611204013377928,
      "accuracy": 0.940677966101695,
      "brier": 0.048765219305587165,
      "ece": 0.10875053146270022,
      "direction_acc": 0.9576271186440678
    },
    "early": {
      "n": 47,
      "auc": 0.9632034632034632,
      "accuracy": 0.9361702127659575,
      "brier": 0.05733083872241417,
      "ece": 0.03797441217491056,
      "direction_acc": 0.9361702127659575
    },
    "mid": {
      "n": 48,
      "auc": 0.9975429975429975,
      "accuracy": 0.9583333333333334,
      "brier": 0.0361493520995658,
      "ece": 0.15096051758445525,
      "direction_acc": 0.9791666666666666
    },
    "late": {
      "n": 23,
      "auc": 1.0,
      "accuracy": 0.9130434782608695,
      "brier": 0.057590328579420015,
      "ece": 0.2050068250255495,
      "direction_acc": 0.9565217391304348
    }
  },
  "comeback_battles": [
    "970998288_4_1783244960",
    "501236240_12_1784462563"
  ],
  "comeback_metrics": {
    "all": {
      "n": 32,
      "auc": 0.5,
      "accuracy": 0.9375,
      "brier": 0.04187428084434956,
      "ece": 0.1427452581663029,
      "direction_acc": 0.9375
    },
    "early": {
      "n": 12,
      "auc": 0.5,
      "accuracy": 0.9166666666666666,
      "brier": 0.05171330665845902,
      "ece": 0.154327485380117,
      "direction_acc": 0.9166666666666666
    },
    "mid": {
      "n": 13,
      "auc": 0.5,
      "accuracy": 0.9230769230769231,
      "brier": 0.03294667402362708,
      "ece": 0.10618027556558185,
      "direction_acc": 0.9230769230769231
    },
    "late": {
      "n": 7,
      "auc": 0.5,
      "accuracy": 1.0,
      "brier": 0.04158722068721794,
      "ece": 0.1907964077725324,
      "direction_acc": 1.0
    }
  },
  "bad_battle": {
    "battle_id": "970998288_6_1783249163",
    "acc": 0.8666666666666667,
    "late_dir_acc": 0.875,
    "brier": 0.09255735107044141,
    "metrics": {
      "all": {
        "n": 15,
        "auc": 0.5,
        "accuracy": 0.8666666666666667,
        "brier": 0.09255735107044141,
        "ece": 0.22030491155700216,
        "direction_acc": 0.9333333333333333
      },
      "early": {
        "n": 7,
        "auc": 0.5,
        "accuracy": 0.8571428571428571,
        "brier": 0.12319674739761803,
        "ece": 0.20810663378038877,
        "direction_acc": 0.8571428571428571
      },
      "mid": {
        "n": 7,
        "auc": 0.5,
        "accuracy": 0.8571428571428571,
        "brier": 0.07015212072908382,
        "ece": 0.2372804491592014,
        "direction_acc": 1.0
      },
      "late": {
        "n": 1,
        "auc": 0.5,
        "accuracy": 1.0,
        "brier": 0.03491818916970794,
        "ece": 0.18686409277790086,
        "direction_acc": 1.0
      }
    },
    "swing": {
      "comeback": false,
      "swing": false,
      "early_avg_gold_diff": -928.3809523809524,
      "mid_avg_gold_diff": -3657.5555555555557,
      "win_camp": 2
    },
    "gold_guard_hits": 6
  },
  "worst_battles": [
    {
      "battle_id": "970998288_6_1783249163",
      "acc": 0.8666666666666667,
      "brier": 0.09255735107044141,
      "is_comeback": false
    },
    {
      "battle_id": "970998288_4_1783244960",
      "acc": 0.875,
      "brier": 0.061392448057321386,
      "is_comeback": true
    },
    {
      "battle_id": "970998288_7_1783250863",
      "acc": 0.9090909090909091,
      "brier": 0.045520834440509514,
      "is_comeback": false
    },
    {
      "battle_id": "501236240_10_1783254441",
      "acc": 0.9090909090909091,
      "brier": 0.11630548382152472,
      "is_comeback": false
    },
    {
      "battle_id": "970998288_5_1783247198",
      "acc": 1.0,
      "brier": 0.01725300281267924,
      "is_comeback": false
    }
  ],
  "per_battle": [
    {
      "battle_id": "970998288_4_1783244960",
      "win_camp": 1,
      "n_points": 16,
      "is_comeback": true,
      "acc": 0.875,
      "brier": 0.061392448057321386,
      "metrics": {
        "all": {
          "n": 16,
          "auc": 0.5,
          "accuracy": 0.875,
          "brier": 0.061392448057321386,
          "ece": 0.17208727629826032,
          "direction_acc": 0.875
        },
        "early": {
          "n": 7,
          "auc": 0.5,
          "accuracy": 0.8571428571428571,
          "brier": 0.0778524908763136,
          "ece": 0.19117794486215545,
          "direction_acc": 0.8571428571428571
        },
        "mid": {
          "n": 7,
          "auc": 0.5,
          "accuracy": 0.8571428571428571,
          "brier": 0.051610847192451195,
          "ece": 0.14647602105618268,
          "direction_acc": 0.8571428571428571
        },
        "late": {
          "n": 2,
          "auc": 0.5,
          "accuracy": 1.0,
          "brier": 0.03801790121789429,
          "ece": 0.1949093296718994,
          "direction_acc": 1.0
        }
      }
    },
    {
      "battle_id": "970998288_5_1783247198",
      "win_camp": 1,
      "n_points": 15,
      "is_comeback": false,
      "acc": 1.0,
      "brier": 0.01725300281267924,
      "metrics": {
        "all": {
          "n": 15,
          "auc": 0.5,
          "accuracy": 1.0,
          "brier": 0.01725300281267924,
          "ece": 0.10724152768300943,
          "direction_acc": 1.0
        },
        "early": {
          "n": 7,
          "auc": 0.5,
          "accuracy": 1.0,
          "brier": 0.0019257617728531827,
          "ece": 0.03218045112781945,
          "direction_acc": 1.0
        },
        "mid": {
          "n": 7,
          "auc": 0.5,
          "accuracy": 1.0,
          "brier": 0.0287494399860952,
          "ece": 0.1676334944865021,
          "direction_acc": 1.0
        },
        "late": {
          "n": 1,
          "auc": 0.5,
          "accuracy": 1.0,
          "brier": 0.044068629877549954,
          "ece": 0.20992529594489073,
          "direction_acc": 1.0
        }
      }
    },
    {
      "battle_id": "970998288_6_1783249163",
      "win_camp": 2,
      "n_points": 15,
      "is_comeback": false,
      "acc": 0.8666666666666667,
      "brier": 0.09255735107044141,
      "metrics": {
        "all": {
          "n": 15,
          "auc": 0.5,
          "accuracy": 0.8666666666666667,
          "brier": 0.09255735107044141,
          "ece": 0.2203049115570021,
          "direction_acc": 0.9333333333333333
        },
        "early": {
          "n": 7,
          "auc": 0.5,
          "accuracy": 0.8571428571428571,
          "brier": 0.12319674739761803,
          "ece": 0.20810663378038874,
          "direction_acc": 0.8571428571428571
        },
        "mid": {
          "n": 7,
          "auc": 0.5,
          "accuracy": 0.8571428571428571,
          "brier": 0.07015212072908382,
          "ece": 0.2372804491592014,
          "direction_acc": 1.0
        },
        "late": {
          "n": 1,
          "auc": 0.5,
          "accuracy": 1.0,
          "brier": 0.03491818916970794,
          "ece": 0.18686409277790086,
          "direction_acc": 1.0
        }
      }
    },
    {
      "battle_id": "970998288_7_1783250863",
      "win_camp": 1,
      "n_points": 22,
      "is_comeback": false,
      "acc": 0.9090909090909091,
      "brier": 0.045520834440509514,
      "metrics": {
        "all": {
          "n": 22,
          "auc": 0.5,
          "accuracy": 0.9090909090909091,
          "brier": 0.045520834440509514,
          "ece": 0.15514414761558817,
          "direction_acc": 0.9545454545454546
        },
        "early": {
          "n": 7,
          "auc": 0.5,
          "accuracy": 1.0,
          "brier": 0.02295211713494263,